Room,WeekDay,Time,Course,Section,Instructor,Dates
GI155,Monday,1000 - 1050,STAT210 - Statistics,2,Malone,01/13/2020 - 05/01/2020
GI155,Monday,1100 - 1150,MATH110 - Finite Mathematics,1,Windsperger,01/13/2020 - 05/01/2020
GI155,Monday,1300 - 1350,STAT210 - Statistics,1,Malone,01/13/2020 - 05/01/2020
GI155,Monday,1300 - 1500,STAT210 - Statistics,1,FINAL EXAM,05/04/2020 - 05/04/2020
GI155,Tuesday,0800 - 0920,MATH140 - Applied Calculus,2,Williams,01/13/2020 - 05/01/2020
GI155,Tuesday,0930 - 1050,MATH140 - Applied Calculus,5,Errthum,01/13/2020 - 05/01/2020
GI155,Tuesday,1300 - 1500,MATH140 - Applied Calculus,4,FINAL EXAM,05/05/2020 - 05/05/2020
GI155,Tuesday,1400 - 1520,MATH140 - Applied Calculus,4,"Schmidt
Williams",01/13/2020 - 05/01/2020
GI155,Wednesday,0800 - 1000,STAT210 - Statistics,2,FINAL EXAM,05/06/2020 - 05/06/2020
GI155,Wednesday,1000 - 1050,STAT210 - Statistics,2,Malone,01/13/2020 - 05/01/2020
GI155,Wednesday,1100 - 1150,MATH110 - Finite Mathematics,1,Windsperger,01/13/2020 - 05/01/2020
GI155,Wednesday,1200 - 1250,DSCI395 - Professional Skill Development for Data Sciences,1,,01/13/2020 - 05/01/2020
GI155,Wednesday,1200 - 1250,DSCI495 - Communication of Capstone Outcomes,1,,01/13/2020 - 05/01/2020
GI155,Wednesday,1200 - 1250,MATH395 -  Professional Skill Development for Mathematics,1,,01/13/2020 - 05/01/2020
GI155,Wednesday,1200 - 1250,STAT395 - Professional Skill Development for Statistics,1,,01/13/2020 - 05/01/2020
GI155,Wednesday,1200 - 1250,STAT495 - Communication of Capstone Outcomes,1,Malone,01/13/2020 - 05/01/2020
GI155,Wednesday,1300 - 1350,STAT210 - Statistics,1,Malone,01/13/2020 - 05/01/2020
GI155,Wednesday,1300 - 1500,MATH140 - Applied Calculus,5,FINAL EXAM,05/06/2020 - 05/06/2020
GI155,Wednesday,1530 - 1730,MATH140 - Applied Calculus,2,FINAL EXAM,05/06/2020 - 05/06/2020
GI155,Thursday,0800 - 1000,MATH110 - Finite Mathematics,1,FINAL EXAM,05/07/2020 - 05/07/2020
GI155,Thursday,0800 - 0920,MATH140 - Applied Calculus,2,Williams,01/13/2020 - 05/01/2020
GI155,Thursday,0930 - 1050,MATH140 - Applied Calculus,5,Errthum,01/13/2020 - 05/01/2020
GI155,Thursday,1400 - 1520,MATH140 - Applied Calculus,4,"Schmidt
Williams",01/13/2020 - 05/01/2020
GI155,Friday,1000 - 1050,STAT210 - Statistics,2,Malone,01/13/2020 - 05/01/2020
GI155,Friday,1100 - 1150,MATH110 - Finite Mathematics,1,Windsperger,01/13/2020 - 05/01/2020
GI155,Friday,1300 - 1350,STAT210 - Statistics,1,Malone,01/13/2020 - 05/01/2020
GI156,Monday,0800 - 0850,STAT110 - Fundamentals of Statistics,1,Johnson,01/13/2020 - 05/01/2020
GI156,Monday,0800 - 1000,STAT110 - Fundamentals of Statistics,1,FINAL EXAM,05/04/2020 - 05/04/2020
GI156,Monday,0900 - 0950,STAT110 - Fundamentals of Statistics,5,Johnson,01/13/2020 - 05/01/2020
GI156,Monday,1000 - 1050,STAT110 - Fundamentals of Statistics,6,Hooks,01/13/2020 - 05/01/2020
GI156,Monday,1100 - 1150,STAT110 - Fundamentals of Statistics,11,Iverson,01/13/2020 - 05/01/2020
GI156,Monday,1300 - 1350,MATH110 - Finite Mathematics,2,"Schmidt
Windsperger",01/13/2020 - 05/01/2020
GI156,Monday,1300 - 1500,MATH110 - Finite Mathematics,2,FINAL EXAM,05/04/2020 - 05/04/2020
GI156,Monday,1400 - 1450,STAT110 - Fundamentals of Statistics,8,Iverson,01/13/2020 - 05/01/2020
GI156,Tuesday,0800 - 1000,STAT110 - Fundamentals of Statistics,5,FINAL EXAM,05/05/2020 - 05/05/2020
GI156,Tuesday,0930 - 1050,STAT310 - Intermediate Statistics,3,Malone,01/13/2020 - 05/01/2020
GI156,Tuesday,1100 - 1220,STAT310 - Intermediate Statistics,2,Hooks,01/13/2020 - 05/01/2020
GI156,Tuesday,1400 - 1550,MATH115 - College Algebra,2,Zhang,01/13/2020 - 04/17/2020
GI156,Wednesday,0800 - 0850,STAT110 - Fundamentals of Statistics,1,Johnson,01/13/2020 - 05/01/2020
GI156,Wednesday,0800 - 1000,STAT110 - Fundamentals of Statistics,6,FINAL EXAM,05/06/2020 - 05/06/2020
GI156,Wednesday,0900 - 0950,STAT110 - Fundamentals of Statistics,5,Johnson,01/13/2020 - 05/01/2020
GI156,Wednesday,1000 - 1050,STAT110 - Fundamentals of Statistics,6,Hooks,01/13/2020 - 05/01/2020
GI156,Wednesday,1030 - 1230,STAT110 - Fundamentals of Statistics,8,FINAL EXAM,05/06/2020 - 05/06/2020
GI156,Wednesday,1100 - 1150,STAT110 - Fundamentals of Statistics,11,Iverson,01/13/2020 - 05/01/2020
GI156,Wednesday,1300 - 1350,MATH110 - Finite Mathematics,2,"Schmidt
Windsperger",01/13/2020 - 05/01/2020
GI156,Wednesday,1300 - 1500,STAT310 - Intermediate Statistics,3,FINAL EXAM,05/06/2020 - 05/06/2020
GI156,Wednesday,1400 - 1450,STAT110 - Fundamentals of Statistics,8,Iverson,01/13/2020 - 05/01/2020
GI156,Thursday,0800 - 1000,STAT110 - Fundamentals of Statistics,11,FINAL EXAM,05/07/2020 - 05/07/2020
GI156,Thursday,0930 - 1050,STAT310 - Intermediate Statistics,3,Malone,01/13/2020 - 05/01/2020
GI156,Thursday,1100 - 1220,STAT310 - Intermediate Statistics,2,Hooks,01/13/2020 - 05/01/2020
GI156,Thursday,1300 - 1500,STAT310 - Intermediate Statistics,2,FINAL EXAM,05/07/2020 - 05/07/2020
GI156,Thursday,1400 - 1550,MATH115 - College Algebra,2,Zhang,01/13/2020 - 04/17/2020
GI156,Friday,0800 - 0850,STAT110 - Fundamentals of Statistics,1,Johnson,01/13/2020 - 05/01/2020
GI156,Friday,0900 - 0950,STAT110 - Fundamentals of Statistics,5,Johnson,01/13/2020 - 05/01/2020
GI156,Friday,1000 - 1050,STAT110 - Fundamentals of Statistics,6,Hooks,01/13/2020 - 05/01/2020
GI156,Friday,1100 - 1150,STAT110 - Fundamentals of Statistics,11,Iverson,01/13/2020 - 05/01/2020
GI156,Friday,1300 - 1350,MATH110 - Finite Mathematics,2,"Schmidt
Windsperger",01/13/2020 - 05/01/2020
GI156,Friday,1400 - 1450,STAT110 - Fundamentals of Statistics,8,Iverson,01/13/2020 - 05/01/2020
GI161,Monday,0900 - 0950,CMST191 - Introduction to Public Speaking,1,Schilling,01/13/2020 - 05/01/2020
GI161,Monday,1000 - 1050,CMST191 - Introduction to Public Speaking,5,Schilling,01/13/2020 - 05/01/2020
GI161,Monday,1030 - 1230,CMST192 - Introduction to Speech Communication,12,FINAL EXAM,05/04/2020 - 05/04/2020
GI161,Monday,1100 - 1150,CMST191 - Introduction to Public Speaking,8,Staff,01/13/2020 - 05/01/2020
GI161,Tuesday,0800 - 1000,CMST191 - Introduction to Public Speaking,1,FINAL EXAM,05/05/2020 - 05/05/2020
GI161,Tuesday,0930 - 1050,CMST192 - Introduction to Speech Communication,9,Schilling,01/13/2020 - 05/01/2020
GI161,Tuesday,1100 - 1220,CMST191 - Introduction to Public Speaking,14,Gaffey,01/13/2020 - 05/01/2020
GI161,Tuesday,1230 - 1350,CMST192 - Introduction to Speech Communication,12,Schilling,01/13/2020 - 05/01/2020
GI161,Wednesday,0800 - 1000,CMST191 - Introduction to Public Speaking,5,FINAL EXAM,05/06/2020 - 05/06/2020
GI161,Wednesday,0900 - 0950,CMST191 - Introduction to Public Speaking,1,Schilling,01/13/2020 - 05/01/2020
GI161,Wednesday,1000 - 1050,CMST191 - Introduction to Public Speaking,5,Schilling,01/13/2020 - 05/01/2020
GI161,Wednesday,1100 - 1150,CMST191 - Introduction to Public Speaking,8,Staff,01/13/2020 - 05/01/2020
GI161,Wednesday,1300 - 1500,CMST192 - Introduction to Speech Communication,9,FINAL EXAM,05/06/2020 - 05/06/2020
GI161,Thursday,0800 - 1000,CMST191 - Introduction to Public Speaking,8,FINAL EXAM,05/07/2020 - 05/07/2020
GI161,Thursday,0930 - 1050,CMST192 - Introduction to Speech Communication,9,Schilling,01/13/2020 - 05/01/2020
GI161,Thursday,1100 - 1220,CMST191 - Introduction to Public Speaking,14,Gaffey,01/13/2020 - 05/01/2020
GI161,Thursday,1230 - 1350,CMST192 - Introduction to Speech Communication,12,Schilling,01/13/2020 - 05/01/2020
GI161,Thursday,1300 - 1500,CMST191 - Introduction to Public Speaking,14,FINAL EXAM,05/07/2020 - 05/07/2020
GI161,Friday,0900 - 0950,CMST191 - Introduction to Public Speaking,1,Schilling,01/13/2020 - 05/01/2020
GI161,Friday,1000 - 1050,CMST191 - Introduction to Public Speaking,5,Schilling,01/13/2020 - 05/01/2020
GI161,Friday,1100 - 1150,CMST191 - Introduction to Public Speaking,8,Staff,01/13/2020 - 05/01/2020
GI223,Monday,0900 - 0950,CMST192 - Introduction to Speech Communication,1,Staff,01/13/2020 - 05/01/2020
GI223,Monday,1000 - 1050,CMST192 - Introduction to Speech Communication,2,Makstenieks,01/13/2020 - 05/01/2020
GI223,Monday,1100 - 1150,CMST296 - Fundamentals of Interviewing,1,Makstenieks,01/13/2020 - 05/01/2020
GI223,Monday,1300 - 1350,MATH247 - Discrete Mathematics,1,Leonhardi,01/13/2020 - 05/01/2020
GI223,Monday,1300 - 1500,MATH247 - Discrete Mathematics,1,FINAL EXAM,05/04/2020 - 05/04/2020
GI223,Tuesday,0800 - 1000,CMST192 - Introduction to Speech Communication,1,FINAL EXAM,05/05/2020 - 05/05/2020
GI223,Tuesday,1100 - 1220,DSCI425 - Supervised Learning,1,Deppa,01/13/2020 - 05/01/2020
GI223,Tuesday,1300 - 1500,DSCI210 - Data Science,1,FINAL EXAM,05/05/2020 - 05/05/2020
GI223,Tuesday,1400 - 1520,DSCI210 - Data Science,1,Bergen,01/13/2020 - 05/01/2020
GI223,Wednesday,0800 - 1000,CMST192 - Introduction to Speech Communication,2,FINAL EXAM,05/06/2020 - 05/06/2020
GI223,Wednesday,0900 - 0950,CMST192 - Introduction to Speech Communication,1,Staff,01/13/2020 - 05/01/2020
GI223,Wednesday,1000 - 1050,CMST192 - Introduction to Speech Communication,2,Makstenieks,01/13/2020 - 05/01/2020
GI223,Wednesday,1100 - 1150,CMST296 - Fundamentals of Interviewing,1,Makstenieks,01/13/2020 - 05/01/2020
GI223,Wednesday,1300 - 1350,MATH247 - Discrete Mathematics,1,Leonhardi,01/13/2020 - 05/01/2020
GI223,Thursday,0800 - 1000,CMST296 - Fundamentals of Interviewing,1,FINAL EXAM,05/07/2020 - 05/07/2020
GI223,Thursday,1100 - 1220,DSCI425 - Supervised Learning,1,Deppa,01/13/2020 - 05/01/2020
GI223,Thursday,1300 - 1500,DSCI425 - Supervised Learning,1,FINAL EXAM,05/07/2020 - 05/07/2020
GI223,Thursday,1400 - 1520,DSCI210 - Data Science,1,Bergen,01/13/2020 - 05/01/2020
GI223,Friday,0900 - 0950,CMST192 - Introduction to Speech Communication,1,Staff,01/13/2020 - 05/01/2020
GI223,Friday,1000 - 1050,CMST192 - Introduction to Speech Communication,2,Makstenieks,01/13/2020 - 05/01/2020
GI223,Friday,1100 - 1150,CMST296 - Fundamentals of Interviewing,1,Makstenieks,01/13/2020 - 05/01/2020
GI223,Friday,1300 - 1350,MATH247 - Discrete Mathematics,1,Leonhardi,01/13/2020 - 05/01/2020
GI224,Monday,1100 - 1150,CMST451 - Topics in Communication Studies: Social Media & Culture,1,Xu,01/13/2020 - 05/01/2020
GI224,Monday,1300 - 1350,MATH337 - Probability,1,Pascual,01/13/2020 - 05/01/2020
GI224,Monday,1300 - 1500,MATH337 - Probability,1,FINAL EXAM,05/04/2020 - 05/04/2020
GI224,Tuesday,0930 - 1050,WGSS220 - Intersections of Privilege and Power,1,Berg,01/13/2020 - 05/01/2020
GI224,Tuesday,1100 - 1220,STAT360 - Regression Analysis,1,Malone,01/13/2020 - 05/01/2020
GI224,Wednesday,1100 - 1150,CMST451 - Topics in Communication Studies: Social Media & Culture,1,Xu,01/13/2020 - 05/01/2020
GI224,Wednesday,1300 - 1350,MATH337 - Probability,1,Pascual,01/13/2020 - 05/01/2020
GI224,Wednesday,1300 - 1500,WGSS220 - Intersections of Privilege and Power,1,FINAL EXAM,05/06/2020 - 05/06/2020
GI224,Thursday,0800 - 1000,CMST451 - Topics in Communication Studies: Social Media & Culture,1,FINAL EXAM,05/07/2020 - 05/07/2020
GI224,Thursday,0930 - 1050,WGSS220 - Intersections of Privilege and Power,1,Berg,01/13/2020 - 05/01/2020
GI224,Thursday,1100 - 1220,STAT360 - Regression Analysis,1,Malone,01/13/2020 - 05/01/2020
GI224,Thursday,1300 - 1500,STAT360 - Regression Analysis,1,FINAL EXAM,05/07/2020 - 05/07/2020
GI224,Friday,1100 - 1150,CMST451 - Topics in Communication Studies: Social Media & Culture,1,Xu,01/13/2020 - 05/01/2020
GI224,Friday,1300 - 1350,MATH337 - Probability,1,Pascual,01/13/2020 - 05/01/2020
GI226,Monday,0800 - 0850,MATH050 - Intermediate Algebra,1,Zhang,01/13/2020 - 05/01/2020
GI226,Monday,0800 - 1000,MATH050 - Intermediate Algebra,1,FINAL EXAM,05/04/2020 - 05/04/2020
GI226,Monday,1000 - 1050,MATH115 - College Algebra,1,Tsegai,01/13/2020 - 05/01/2020
GI226,Monday,1100 - 1150,MATH212 - Calculus I,1,Leonhardi,01/13/2020 - 05/01/2020
GI226,Monday,1300 - 1350,MATH112 - Applied Precalculus,1,Wangberg,01/13/2020 - 05/01/2020
GI226,Monday,1300 - 1500,MATH112 - Applied Precalculus,1,FINAL EXAM,05/04/2020 - 05/04/2020
GI226,Monday,1400 - 1450,MATH117 - Precalculus with Modeling,1,Windsperger,01/13/2020 - 05/01/2020
GI226,Monday,1530 - 1650,CMST192 - Introduction to Speech Communication,3,Quandt,01/13/2020 - 05/01/2020
GI226,Monday,1530 - 1730,CMST192 - Introduction to Speech Communication,3,FINAL EXAM,05/04/2020 - 05/04/2020
GI226,Tuesday,0800 - 0920,STAT110 - Fundamentals of Statistics,7,Bergen,01/13/2020 - 05/01/2020
GI226,Tuesday,0930 - 1050,STAT110 - Fundamentals of Statistics,3,Bergen,01/13/2020 - 05/01/2020
GI226,Tuesday,1100 - 1150,MATH212 - Calculus I,1,Leonhardi,01/13/2020 - 05/01/2020
GI226,Tuesday,1400 - 1450,MATH117 - Precalculus with Modeling,1,Windsperger,01/13/2020 - 05/01/2020
GI226,Wednesday,0800 - 0850,MATH050 - Intermediate Algebra,1,Zhang,01/13/2020 - 05/01/2020
GI226,Wednesday,0800 - 1000,MATH115 - College Algebra,1,FINAL EXAM,05/06/2020 - 05/06/2020
GI226,Wednesday,1000 - 1050,MATH115 - College Algebra,1,Tsegai,01/13/2020 - 05/01/2020
GI226,Wednesday,1030 - 1230,MATH117 - Precalculus with Modeling,1,FINAL EXAM,05/06/2020 - 05/06/2020
GI226,Wednesday,1300 - 1350,MATH112 - Applied Precalculus,1,Wangberg,01/13/2020 - 05/01/2020
GI226,Wednesday,1300 - 1500,STAT110 - Fundamentals of Statistics,3,FINAL EXAM,05/06/2020 - 05/06/2020
GI226,Wednesday,1530 - 1650,CMST192 - Introduction to Speech Communication,3,Quandt,01/13/2020 - 05/01/2020
GI226,Wednesday,1530 - 1730,STAT110 - Fundamentals of Statistics,7,FINAL EXAM,05/06/2020 - 05/06/2020
GI226,Thursday,0800 - 1000,MATH212 - Calculus I,1,FINAL EXAM,05/07/2020 - 05/07/2020
GI226,Thursday,0800 - 0920,STAT110 - Fundamentals of Statistics,7,Bergen,01/13/2020 - 05/01/2020
GI226,Thursday,0930 - 1050,STAT110 - Fundamentals of Statistics,3,Bergen,01/13/2020 - 05/01/2020
GI226,Thursday,1100 - 1150,MATH212 - Calculus I,1,Leonhardi,01/13/2020 - 05/01/2020
GI226,Thursday,1400 - 1450,MATH117 - Precalculus with Modeling,1,Windsperger,01/13/2020 - 05/01/2020
GI226,Friday,0800 - 0850,MATH050 - Intermediate Algebra,1,Zhang,01/13/2020 - 05/01/2020
GI226,Friday,1000 - 1050,MATH115 - College Algebra,1,Tsegai,01/13/2020 - 05/01/2020
GI226,Friday,1100 - 1150,MATH212 - Calculus I,1,Leonhardi,01/13/2020 - 05/01/2020
GI226,Friday,1300 - 1350,MATH112 - Applied Precalculus,1,Wangberg,01/13/2020 - 05/01/2020
GI226,Friday,1400 - 1450,MATH117 - Precalculus with Modeling,1,Windsperger,01/13/2020 - 05/01/2020
GI302,Monday,0900 - 0950,STAT110 - Fundamentals of Statistics,4,Kerby,01/13/2020 - 05/01/2020
GI302,Monday,1100 - 1150,MATH304 - Middle/Secondary Math Methods,1,Tsegai,01/13/2020 - 05/01/2020
GI302,Monday,1300 - 1350,STAT310 - Intermediate Statistics,1,Hooks,01/13/2020 - 05/01/2020
GI302,Monday,1300 - 1500,STAT310 - Intermediate Statistics,1,FINAL EXAM,05/04/2020 - 05/04/2020
GI302,Tuesday,0800 - 1000,STAT110 - Fundamentals of Statistics,4,FINAL EXAM,05/05/2020 - 05/05/2020
GI302,Tuesday,1100 - 1250,MATH202 - Elements of Mathematics,2,Zhang,01/13/2020 - 04/17/2020
GI302,Tuesday,1300 - 1500,DSCI325 - Management of Structured Data,1,FINAL EXAM,05/05/2020 - 05/05/2020
GI302,Tuesday,1400 - 1520,DSCI325 - Management of Structured Data,1,Kerby,01/13/2020 - 05/01/2020
GI302,Wednesday,0900 - 0950,STAT110 - Fundamentals of Statistics,4,Kerby,01/13/2020 - 05/01/2020
GI302,Wednesday,1100 - 1150,MATH304 - Middle/Secondary Math Methods,1,Tsegai,01/13/2020 - 05/01/2020
GI302,Wednesday,1300 - 1350,STAT310 - Intermediate Statistics,1,Hooks,01/13/2020 - 05/01/2020
GI302,Thursday,0800 - 1000,MATH304 - Middle/Secondary Math Methods,1,FINAL EXAM,05/07/2020 - 05/07/2020
GI302,Thursday,1100 - 1250,MATH202 - Elements of Mathematics,2,Zhang,01/13/2020 - 04/17/2020
GI302,Thursday,1400 - 1520,DSCI325 - Management of Structured Data,1,Kerby,01/13/2020 - 05/01/2020
GI302,Friday,0900 - 0950,STAT110 - Fundamentals of Statistics,4,Kerby,01/13/2020 - 05/01/2020
GI302,Friday,1100 - 1150,MATH304 - Middle/Secondary Math Methods,1,Tsegai,01/13/2020 - 05/01/2020
GI302,Friday,1300 - 1350,STAT310 - Intermediate Statistics,1,Hooks,01/13/2020 - 05/01/2020
GI324,Monday,0800 - 0850,MATH313 - Differential Equations,1,Duncan,01/13/2020 - 05/01/2020
GI324,Monday,0800 - 1000,MATH313 - Differential Equations,1,FINAL EXAM,05/04/2020 - 05/04/2020
GI324,Monday,0900 - 0950,MATH212 - Calculus I,3,"Schmidt
Duncan",01/13/2020 - 05/01/2020
GI324,Monday,1000 - 1050,MATH212 - Calculus I,2,Duncan,01/13/2020 - 05/01/2020
GI324,Monday,1030 - 1230,CME460 - Introduction to Finite Element Analysis,1,FINAL EXAM,05/04/2020 - 05/04/2020
GI324,Monday,1100 - 1150,MATH312 - Multivariable Calculus,1,Pascual,01/13/2020 - 05/01/2020
GI324,Monday,1300 - 1350,STAT110 - Fundamentals of Statistics,2,Johnson,01/13/2020 - 05/01/2020
GI324,Monday,1300 - 1500,STAT110 - Fundamentals of Statistics,2,FINAL EXAM,05/04/2020 - 05/04/2020
GI324,Monday,1400 - 1450,MATH140 - Applied Calculus,3,Tsegai,01/13/2020 - 05/01/2020
GI324,Tuesday,0800 - 0850,MATH313 - Differential Equations,1,Duncan,01/13/2020 - 05/01/2020
GI324,Tuesday,0800 - 1000,MATH212 - Calculus I,3,FINAL EXAM,05/05/2020 - 05/05/2020
GI324,Tuesday,0900 - 0950,MATH212 - Calculus I,3,"Schmidt
Duncan",01/13/2020 - 05/01/2020
GI324,Tuesday,1000 - 1050,MATH212 - Calculus I,2,Duncan,01/13/2020 - 05/01/2020
GI324,Tuesday,1100 - 1150,MATH312 - Multivariable Calculus,1,Pascual,01/13/2020 - 05/01/2020
GI324,Tuesday,1230 - 1350,CME460 - Introduction to Finite Element Analysis,1,Pascual,01/13/2020 - 05/01/2020
GI324,Wednesday,0800 - 1000,MATH212 - Calculus I,2,FINAL EXAM,05/06/2020 - 05/06/2020
GI324,Wednesday,1030 - 1230,MATH140 - Applied Calculus,3,FINAL EXAM,05/06/2020 - 05/06/2020
GI324,Wednesday,1300 - 1350,STAT110 - Fundamentals of Statistics,2,Johnson,01/13/2020 - 05/01/2020
GI324,Wednesday,1400 - 1450,MATH140 - Applied Calculus,3,Tsegai,01/13/2020 - 05/01/2020
GI324,Thursday,0800 - 0850,MATH313 - Differential Equations,1,Duncan,01/13/2020 - 05/01/2020
GI324,Thursday,0800 - 1000,MATH312 - Multivariable Calculus,1,FINAL EXAM,05/07/2020 - 05/07/2020
GI324,Thursday,0900 - 0950,MATH212 - Calculus I,3,"Schmidt
Duncan",01/13/2020 - 05/01/2020
GI324,Thursday,1000 - 1050,MATH212 - Calculus I,2,Duncan,01/13/2020 - 05/01/2020
GI324,Thursday,1100 - 1150,MATH312 - Multivariable Calculus,1,Pascual,01/13/2020 - 05/01/2020
GI324,Thursday,1230 - 1350,CME460 - Introduction to Finite Element Analysis,1,Pascual,01/13/2020 - 05/01/2020
GI324,Friday,0800 - 0850,MATH314 - Linear Algebra for Differential Equations,1,Duncan,01/13/2020 - 05/01/2020
GI324,Friday,0900 - 0950,MATH212 - Calculus I,3,"Schmidt
Duncan",01/13/2020 - 05/01/2020
GI324,Friday,1000 - 1050,MATH212 - Calculus I,2,Duncan,01/13/2020 - 05/01/2020
GI324,Friday,1100 - 1150,MATH312 - Multivariable Calculus,1,Pascual,01/13/2020 - 05/01/2020
GI324,Friday,1300 - 1350,STAT110 - Fundamentals of Statistics,2,Johnson,01/13/2020 - 05/01/2020
GI324,Friday,1400 - 1450,MATH140 - Applied Calculus,3,Tsegai,01/13/2020 - 05/01/2020
GI325,Monday,0800 - 0850,MATH308 - Modern Geometry,1,Pascual,01/13/2020 - 05/01/2020
GI325,Monday,0800 - 1000,MATH308 - Modern Geometry,1,FINAL EXAM,05/04/2020 - 05/04/2020
GI325,Monday,0900 - 0950,MATH327 - Foundations of Mathematics,1,,01/13/2020 - 05/01/2020
GI325,Monday,1000 - 1050,MATH213 - Calculus II,1,Windsperger,01/13/2020 - 05/01/2020
GI325,Monday,1100 - 1150,MATH213 - Calculus II,2,Errthum,01/13/2020 - 05/01/2020
GI325,Monday,1300 - 1350,FIN335 - Forecasting Methods,1,Deppa,01/13/2020 - 05/01/2020
GI325,Monday,1300 - 1500,FIN335 - Forecasting Methods,1,FINAL EXAM,05/04/2020 - 05/04/2020
GI325,Monday,1400 - 1450,MATH212 - Calculus I,4,Errthum,01/13/2020 - 05/01/2020
GI325,Monday,1500 - 1620,MATH342 - Advanced Linear Algebra,1,Wangberg,01/13/2020 - 05/01/2020
GI325,Monday,1530 - 1730,MATH342 - Advanced Linear Algebra,1,FINAL EXAM,05/04/2020 - 05/04/2020
GI325,Tuesday,0800 - 0850,MATH308 - Modern Geometry,1,Pascual,01/13/2020 - 05/01/2020
GI325,Tuesday,0800 - 1000,MATH327 - Foundations of Mathematics,1,FINAL EXAM,05/05/2020 - 05/05/2020
GI325,Tuesday,0900 - 0950,MATH327 - Foundations of Mathematics,1,Debnath,01/13/2020 - 05/01/2020
GI325,Tuesday,1000 - 1050,MATH213 - Calculus II,1,Windsperger,01/13/2020 - 05/01/2020
GI325,Tuesday,1100 - 1150,MATH213 - Calculus II,2,Errthum,01/13/2020 - 05/01/2020
GI325,Tuesday,1230 - 1350,CS444 - Human Computer Interaction,1,Anderson,01/13/2020 - 05/01/2020
GI325,Tuesday,1400 - 1450,MATH212 - Calculus I,4,Errthum,01/13/2020 - 05/01/2020
GI325,Wednesday,0800 - 1000,MATH213 - Calculus II,1,FINAL EXAM,05/06/2020 - 05/06/2020
GI325,Wednesday,1030 - 1230,MATH212 - Calculus I,4,FINAL EXAM,05/06/2020 - 05/06/2020
GI325,Wednesday,1300 - 1350,FIN335 - Forecasting Methods,1,Deppa,01/13/2020 - 05/01/2020
GI325,Wednesday,1400 - 1450,MATH212 - Calculus I,4,Errthum,01/13/2020 - 05/01/2020
GI325,Wednesday,1500 - 1620,MATH342 - Advanced Linear Algebra,1,Wangberg,01/13/2020 - 05/01/2020
GI325,Thursday,0800 - 0850,MATH308 - Modern Geometry,1,Pascual,01/13/2020 - 05/01/2020
GI325,Thursday,0800 - 1000,MATH213 - Calculus II,2,FINAL EXAM,05/07/2020 - 05/07/2020
GI325,Thursday,0900 - 0950,MATH327 - Foundations of Mathematics,1,Debnath,01/13/2020 - 05/01/2020
GI325,Thursday,1000 - 1050,MATH213 - Calculus II,1,Windsperger,01/13/2020 - 05/01/2020
GI325,Thursday,1100 - 1150,MATH213 - Calculus II,2,Errthum,01/13/2020 - 05/01/2020
GI325,Friday,0800 - 0850,MATH308 - Modern Geometry,1,Pascual,01/13/2020 - 05/01/2020
GI325,Friday,0900 - 0950,MATH327 - Foundations of Mathematics,1,,01/13/2020 - 05/01/2020
GI325,Friday,1000 - 1050,MATH213 - Calculus II,1,Windsperger,01/13/2020 - 05/01/2020
GI325,Friday,1100 - 1150,MATH213 - Calculus II,2,Errthum,01/13/2020 - 05/01/2020
GI325,Friday,1300 - 1350,FIN335 - Forecasting Methods,1,Deppa,01/13/2020 - 05/01/2020
GI325,Friday,1400 - 1450,MATH212 - Calculus I,4,Errthum,01/13/2020 - 05/01/2020
GI326,Monday,0900 - 0950,MATH447 - Abstract Algebra I,1,Leonhardi,01/13/2020 - 05/01/2020
GI326,Monday,1000 - 1050,MATH347 - Number Theory,1,Errthum,01/13/2020 - 05/01/2020
GI326,Monday,1300 - 1350,JPN102 - Beginning Japanese II,1,Nagai,01/13/2020 - 05/01/2020
GI326,Monday,1300 - 1500,JPN102 - Beginning Japanese II,1,FINAL EXAM,05/04/2020 - 05/04/2020
GI326,Monday,1400 - 1450,STAT460 - Introduction to Mathematical Statistics II,1,Deppa,01/13/2020 - 05/01/2020
GI326,Tuesday,0800 - 0850,DSCI495 - Communication of Capstone Outcomes,1,Hooks,01/13/2020 - 05/01/2020
GI326,Tuesday,0800 - 0850,STAT395 - Professional Skill Development for Statistics,1,Malone,01/13/2020 - 05/01/2020
GI326,Tuesday,0800 - 0850,STAT495 - Communication of Capstone Outcomes,1,Malone,01/13/2020 - 05/01/2020
GI326,Tuesday,0800 - 0850,MATH395 -  Professional Skill Development for Mathematics,1,Wangberg,01/13/2020 - 05/01/2020
GI326,Tuesday,0800 - 0850,MATH495 - Communication of Independent Project Outcomes,1,Wangberg,01/13/2020 - 05/01/2020
GI326,Tuesday,0800 - 1000,MATH447 - Abstract Algebra I,1,FINAL EXAM,05/05/2020 - 05/05/2020
GI326,Tuesday,0930 - 1050,STAT365 - Experimental Design and Analysis,1,Johnson,01/13/2020 - 05/01/2020
GI326,Tuesday,1100 - 1220,STAT305 - Biometry,1,Kerby,01/13/2020 - 05/01/2020
GI326,Tuesday,1300 - 1350,JPN102 - Beginning Japanese II,1,Nagai,01/13/2020 - 05/01/2020
GI326,Wednesday,0800 - 0950,MATH447 - Abstract Algebra I,1,Leonhardi,01/13/2020 - 05/01/2020
GI326,Wednesday,0800 - 1000,MATH347 - Number Theory,1,FINAL EXAM,05/06/2020 - 05/06/2020
GI326,Wednesday,1000 - 1050,MATH347 - Number Theory,1,Errthum,01/13/2020 - 05/01/2020
GI326,Wednesday,1030 - 1230,STAT460 - Introduction to Mathematical Statistics II,1,FINAL EXAM,05/06/2020 - 05/06/2020
GI326,Wednesday,1200 - 1250,MATH495 - Communication of Independent Project Outcomes,1,,01/13/2020 - 05/01/2020
GI326,Wednesday,1300 - 1350,JPN102 - Beginning Japanese II,1,Nagai,01/13/2020 - 05/01/2020
GI326,Wednesday,1300 - 1500,STAT365 - Experimental Design and Analysis,1,FINAL EXAM,05/06/2020 - 05/06/2020
GI326,Wednesday,1400 - 1450,STAT460 - Introduction to Mathematical Statistics II,1,Deppa,01/13/2020 - 05/01/2020
GI326,Wednesday,1530 - 1730,MATH395 -  Professional Skill Development for Mathematics,1,FINAL EXAM,05/06/2020 - 05/06/2020
GI326,Wednesday,1530 - 1730,STAT395 - Professional Skill Development for Statistics,1,FINAL EXAM,05/06/2020 - 05/06/2020
GI326,Thursday,0800 - 0850,DSCI495 - Communication of Capstone Outcomes,1,Hooks,01/13/2020 - 05/01/2020
GI326,Thursday,0800 - 0850,STAT395 - Professional Skill Development for Statistics,1,Malone,01/13/2020 - 05/01/2020
GI326,Thursday,0800 - 0850,STAT495 - Communication of Capstone Outcomes,1,Malone,01/13/2020 - 05/01/2020
GI326,Thursday,0800 - 0850,MATH395 -  Professional Skill Development for Mathematics,1,Wangberg,01/13/2020 - 05/01/2020
GI326,Thursday,0800 - 0850,MATH495 - Communication of Independent Project Outcomes,1,Wangberg,01/13/2020 - 05/01/2020
GI326,Thursday,0930 - 1050,STAT365 - Experimental Design and Analysis,1,Johnson,01/13/2020 - 05/01/2020
GI326,Thursday,1100 - 1220,STAT305 - Biometry,1,Kerby,01/13/2020 - 05/01/2020
GI326,Thursday,1300 - 1350,JPN102 - Beginning Japanese II,1,Nagai,01/13/2020 - 05/01/2020
GI326,Thursday,1300 - 1500,STAT305 - Biometry,1,FINAL EXAM,05/07/2020 - 05/07/2020
GI326,Friday,0900 - 0950,MATH447 - Abstract Algebra I,1,Leonhardi,01/13/2020 - 05/01/2020
GI326,Friday,1000 - 1050,MATH347 - Number Theory,1,Errthum,01/13/2020 - 05/01/2020
GI326,Friday,1400 - 1450,STAT460 - Introduction to Mathematical Statistics II,1,Deppa,01/13/2020 - 05/01/2020
GI327,Monday,0800 - 0850,MATH203 - Number and Number Systems,4,Florin,01/13/2020 - 05/01/2020
GI327,Monday,0800 - 1000,MATH203 - Number and Number Systems,4,FINAL EXAM,05/04/2020 - 05/04/2020
GI327,Monday,0900 - 0950,MATH203 - Number and Number Systems,3,Tsegai,01/13/2020 - 05/01/2020
GI327,Monday,1000 - 1050,MATH203 - Number and Number Systems,2,Florin,01/13/2020 - 05/01/2020
GI327,Monday,1100 - 1150,MATH203 - Number and Number Systems,1,Gilbertson,01/13/2020 - 05/01/2020
GI327,Monday,1230 - 1350,MATH202 - Elements of Mathematics,1,Zhang,01/13/2020 - 04/17/2020
GI327,Tuesday,0800 - 0920,MATH204 - Technology-Based Geometry,2,Florin,01/13/2020 - 05/01/2020
GI327,Tuesday,0800 - 1000,MATH203 - Number and Number Systems,3,FINAL EXAM,05/05/2020 - 05/05/2020
GI327,Tuesday,0930 - 1050,MATH204 - Technology-Based Geometry,1,Florin,01/13/2020 - 05/01/2020
GI327,Tuesday,1100 - 1220,MATH303 - Numerical Reasoning for Middle School Teachers,1,Williams,01/13/2020 - 05/01/2020
GI327,Tuesday,1300 - 1500,STAT321 - Industrial Design of Experiments I,1,FINAL EXAM,05/05/2020 - 05/05/2020
GI327,Tuesday,1400 - 1520,STAT321 - Industrial Design of Experiments I,1,Iverson,01/13/2020 - 05/01/2020
GI327,Wednesday,0800 - 1000,MATH203 - Number and Number Systems,2,FINAL EXAM,05/06/2020 - 05/06/2020
GI327,Wednesday,0800 - 0850,MATH203 - Number and Number Systems,4,Florin,01/13/2020 - 05/01/2020
GI327,Wednesday,0900 - 0950,MATH203 - Number and Number Systems,3,Tsegai,01/13/2020 - 05/01/2020
GI327,Wednesday,1000 - 1050,MATH203 - Number and Number Systems,2,Florin,01/13/2020 - 05/01/2020
GI327,Wednesday,1100 - 1150,MATH203 - Number and Number Systems,1,Gilbertson,01/13/2020 - 05/01/2020
GI327,Wednesday,1230 - 1350,MATH202 - Elements of Mathematics,1,Zhang,01/13/2020 - 04/17/2020
GI327,Wednesday,1300 - 1500,MATH204 - Technology-Based Geometry,1,FINAL EXAM,05/06/2020 - 05/06/2020
GI327,Wednesday,1530 - 1830,MATH204 - Technology-Based Geometry,2,FINAL EXAM,05/06/2020 - 05/06/2020
GI327,Thursday,0800 - 1000,MATH203 - Number and Number Systems,1,FINAL EXAM,05/07/2020 - 05/07/2020
GI327,Thursday,0800 - 0920,MATH204 - Technology-Based Geometry,2,Florin,01/13/2020 - 05/01/2020
GI327,Thursday,0930 - 1050,MATH204 - Technology-Based Geometry,1,Florin,01/13/2020 - 05/01/2020
GI327,Thursday,1100 - 1220,MATH303 - Numerical Reasoning for Middle School Teachers,1,Williams,01/13/2020 - 05/01/2020
GI327,Thursday,1300 - 1500,MATH303 - Numerical Reasoning for Middle School Teachers,1,FINAL EXAM,05/07/2020 - 05/07/2020
GI327,Thursday,1400 - 1520,STAT321 - Industrial Design of Experiments I,1,Iverson,01/13/2020 - 05/01/2020
GI327,Friday,0800 - 0850,MATH203 - Number and Number Systems,4,Florin,01/13/2020 - 05/01/2020
GI327,Friday,0900 - 0950,MATH203 - Number and Number Systems,3,Tsegai,01/13/2020 - 05/01/2020
GI327,Friday,1000 - 1050,MATH203 - Number and Number Systems,2,Florin,01/13/2020 - 05/01/2020
GI327,Friday,1100 - 1150,MATH203 - Number and Number Systems,1,Gilbertson,01/13/2020 - 05/01/2020
GI327,Friday,1230 - 1350,MATH202 - Elements of Mathematics,1,Zhang,01/13/2020 - 04/17/2020
GI329,Monday,0900 - 0950,MATH242 - Linear Algebra,1,Wangberg,01/13/2020 - 05/01/2020
GI329,Monday,1000 - 1050,MATH120 - Precalculus,1,Debnath,01/13/2020 - 05/01/2020
GI329,Monday,1100 - 1150,MATH120 - Precalculus,2,Debnath,01/13/2020 - 05/01/2020
GI329,Monday,1300 - 1350,STAT110 - Fundamentals of Statistics,9,Iverson,01/13/2020 - 05/01/2020
GI329,Monday,1300 - 1500,STAT110 - Fundamentals of Statistics,9,FINAL EXAM,05/04/2020 - 05/04/2020
GI329,Monday,1400 - 1450,MATH307 - History of Mathematics,1,Gilbertson,01/13/2020 - 05/01/2020
GI329,Tuesday,0800 - 0850,DSCI395 - Professional Skill Development for Data Sciences,1,Hooks,01/13/2020 - 05/01/2020
GI329,Tuesday,0800 - 1000,MATH242 - Linear Algebra,1,FINAL EXAM,05/05/2020 - 05/05/2020
GI329,Tuesday,0900 - 0950,MATH242 - Linear Algebra,1,Wangberg,01/13/2020 - 05/01/2020
GI329,Tuesday,1000 - 1050,MATH120 - Precalculus,1,Debnath,01/13/2020 - 05/01/2020
GI329,Tuesday,1100 - 1150,MATH120 - Precalculus,2,Debnath,01/13/2020 - 05/01/2020
GI329,Wednesday,0800 - 1000,MATH120 - Precalculus,1,FINAL EXAM,05/06/2020 - 05/06/2020
GI329,Wednesday,1030 - 1230,MATH307 - History of Mathematics,1,FINAL EXAM,05/06/2020 - 05/06/2020
GI329,Wednesday,1300 - 1350,STAT110 - Fundamentals of Statistics,9,Iverson,01/13/2020 - 05/01/2020
GI329,Wednesday,1400 - 1450,MATH307 - History of Mathematics,1,Gilbertson,01/13/2020 - 05/01/2020
GI329,Thursday,0800 - 0850,DSCI395 - Professional Skill Development for Data Sciences,1,Hooks,01/13/2020 - 05/01/2020
GI329,Thursday,0800 - 1000,MATH120 - Precalculus,2,FINAL EXAM,05/07/2020 - 05/07/2020
GI329,Thursday,0900 - 0950,MATH242 - Linear Algebra,1,Wangberg,01/13/2020 - 05/01/2020
GI329,Thursday,1000 - 1050,MATH120 - Precalculus,1,Debnath,01/13/2020 - 05/01/2020
GI329,Thursday,1100 - 1150,MATH120 - Precalculus,2,Debnath,01/13/2020 - 05/01/2020
GI329,Friday,0900 - 0950,MATH242 - Linear Algebra,1,Wangberg,01/13/2020 - 05/01/2020
GI329,Friday,1000 - 1050,MATH120 - Precalculus,1,Debnath,01/13/2020 - 05/01/2020
GI329,Friday,1100 - 1150,MATH120 - Precalculus,2,Debnath,01/13/2020 - 05/01/2020
GI329,Friday,1300 - 1350,STAT110 - Fundamentals of Statistics,9,Iverson,01/13/2020 - 05/01/2020
GI329,Friday,1400 - 1450,MATH307 - History of Mathematics,1,Gilbertson,01/13/2020 - 05/01/2020
